workflow_name,description,trigger,steps,tools,category
"Employee Onboarding","Automates new hire setup including accounts, equipment, and training assignments","new_hire_form_submitted","1. Create AD account 2. Provision email 3. Assign licenses 4. Create Jira account 5. Send welcome email 6. Schedule orientation","Okta, Microsoft 365, Jira, Slack, Zapier","hr"
"Invoice Processing","Extracts data from invoices, validates, and routes for approval","email_attachment_received","1. Extract PDF from email 2. OCR text extraction 3. Parse fields 4. Validate against PO 5. Route for approval 6. Update ERP","UiPath, ABBYY, SAP, DocuSign","finance"
"Server Provisioning","Automatically provisions and configures new servers based on requests","service_ticket_created","1. Parse requirements 2. Create VM via Terraform 3. Configure OS 4. Install packages 5. Register in monitoring 6. Notify requester","Terraform, Ansible, Prometheus, ServiceNow","infrastructure"
"CI/CD Pipeline","Builds, tests, and deploys application on code push","git_push_to_main","1. Checkout code 2. Run linter 3. Execute unit tests 4. Build Docker image 5. Push to registry 6. Deploy to staging 7. Run e2e tests 8. Deploy to production","GitHub Actions, Docker, pytest, ArgoCD","devops"
"Incident Response","Automatically triages and escalates production incidents","alert_triggered","1. Receive alert 2. Classify severity 3. Create incident channel 4. Page on-call 5. Run diagnostics 6. Collect logs 7. Update status page","PagerDuty, Slack, Datadog, Statuspage","operations"
"Customer Welcome Sequence","Sends personalized onboarding emails over 7 days","new_customer_signup","1. Send welcome email 2. Day 2: feature guide 3. Day 4: tips email 4. Day 7: check-in 5. Assign CSM if enterprise","HubSpot, Intercom, Segment","marketing"
"Data Backup","Automated daily backup of databases and critical files","cron_schedule_daily","1. Snapshot databases 2. Export to S3 3. Verify integrity 4. Encrypt backups 5. Rotate old backups 6. Send report","AWS Backup, pg_dump, rclone, Slack","infrastructure"
"Expense Report Approval","Routes expense reports through multi-level approval chain","expense_submitted","1. Validate receipts 2. Check policy compliance 3. Route to manager 4. If >$5000 route to VP 5. Process payment 6. Update accounting","Concur, Slack, QuickBooks","finance"
"Security Scan Pipeline","Runs security scans on every pull request","pull_request_opened","1. SAST scan 2. Dependency check 3. Container scan 4. Secret detection 5. Generate report 6. Comment on PR 7. Block merge if critical","Snyk, SonarQube, Trivy, GitLeaks, GitHub","security"
"Lead Scoring","Automatically scores and routes incoming leads","form_submission","1. Capture lead data 2. Enrich from Clearbit 3. Score based on criteria 4. Route hot leads to sales 5. Add cold leads to nurture 6. Update CRM","Salesforce, Clearbit, Marketo, Zapier","sales"
"Database Migration","Automates schema migrations with rollback capability","deployment_triggered","1. Backup current DB 2. Run migration scripts 3. Validate schema 4. Run data integrity checks 5. Update connection strings 6. Rollback if failed","Flyway, Liquibase, PostgreSQL, Jenkins","devops"
"Report Generation","Generates and distributes weekly business reports","cron_schedule_weekly","1. Query data warehouse 2. Run analytics 3. Generate charts 4. Compile PDF report 5. Email stakeholders 6. Archive in SharePoint","Python, Pandas, Matplotlib, Power BI, Outlook","analytics"
"Patch Management","Automates OS and application patching across fleet","cron_schedule_monthly","1. Scan for updates 2. Test in staging 3. Create maintenance window 4. Apply patches in waves 5. Verify services 6. Generate compliance report","Ansible, WSUS, Qualys, ServiceNow","infrastructure"
"Contract Renewal","Monitors and automates contract renewal workflows","60_days_before_expiry","1. Send reminder to account manager 2. Generate renewal proposal 3. Route for legal review 4. Send to customer 5. Track signatures 6. Update CRM","Salesforce, DocuSign, Slack, Ironclad","sales"
"Log Rotation","Manages log files to prevent disk space issues","cron_schedule_daily","1. Check log sizes 2. Compress old logs 3. Archive to S3 4. Delete logs older than 90 days 5. Update retention policy 6. Alert if disk >80%","logrotate, AWS S3, CloudWatch, Bash","infrastructure"
"User Offboarding","Disables accounts and revokes access when employee leaves","termination_approved","1. Disable AD account 2. Revoke OAuth tokens 3. Transfer files 4. Remove from groups 5. Wipe device 6. Archive mailbox 7. Update HR system","Okta, Google Workspace, Intune, BambooHR","hr"
"Order Fulfillment","Processes e-commerce orders from payment to shipping","order_placed","1. Verify payment 2. Check inventory 3. Generate pick list 4. Create shipping label 5. Update tracking 6. Send confirmation email","Shopify, Stripe, ShipStation, SendGrid","ecommerce"
"Social Media Posting","Schedules and publishes content across platforms","content_approved","1. Format for each platform 2. Resize images 3. Schedule posts 4. Publish at optimal times 5. Monitor engagement 6. Report metrics","Buffer, Canva, Hootsuite, Google Analytics","marketing"
"Vulnerability Remediation","Tracks and manages vulnerability fixes","vulnerability_detected","1. Classify severity 2. Create Jira ticket 3. Assign to team 4. Track SLA 5. Verify fix deployed 6. Rescan 7. Close ticket","Qualys, Jira, Slack, Jenkins","security"
"Meeting Scheduler","Automates meeting scheduling and follow-ups","meeting_requested","1. Check calendars 2. Find available slots 3. Send poll to attendees 4. Book room 5. Create agenda doc 6. Send reminders 7. Share recording","Calendly, Google Calendar, Zoom, Notion","productivity"
"Data Pipeline ETL","Extracts, transforms, and loads data on schedule","cron_schedule_hourly","1. Extract from sources 2. Validate raw data 3. Transform and clean 4. Apply business rules 5. Load to warehouse 6. Update dashboards","Apache Airflow, dbt, Snowflake, Fivetran","data"
"Certificate Renewal","Monitors and renews SSL certificates before expiry","30_days_before_expiry","1. Check certificate expiry 2. Generate CSR 3. Request renewal 4. Validate domain 5. Install new cert 6. Verify SSL 7. Notify team","Certbot, Let's Encrypt, Nginx, Slack","security"
"IT Asset Tracking","Manages hardware lifecycle from procurement to disposal","asset_received","1. Register in CMDB 2. Apply asset tag 3. Install standard image 4. Assign to user 5. Track warranty 6. Schedule refresh","ServiceNow, SCCM, Snipe-IT, Jamf","infrastructure"
"Code Review Assignment","Automatically assigns reviewers to pull requests","pull_request_opened","1. Analyze changed files 2. Identify code owners 3. Check reviewer availability 4. Assign reviewers 5. Set review deadline 6. Send notification","GitHub, CODEOWNERS, Slack, PullApprove","devops"
"Customer Feedback Loop","Collects, analyzes, and routes customer feedback","survey_completed","1. Collect NPS response 2. Analyze sentiment 3. Categorize feedback 4. Route to product team 5. Create follow-up task 6. Send thank you","Typeform, MonkeyLearn, Productboard, Slack","customer_success"
"Compliance Audit","Automates compliance checks and report generation","cron_schedule_quarterly","1. Run policy checks 2. Scan configurations 3. Verify access controls 4. Generate evidence 5. Compile audit report 6. Submit to compliance team","AWS Config, ScoutSuite, Drata, Jira","compliance"
"Canary Deployment","Gradually rolls out new versions with automatic rollback","deployment_initiated","1. Deploy to canary 2. Route 5% traffic 3. Monitor error rates 4. Compare metrics 5. Gradually increase traffic 6. Full rollout or rollback","Istio, Flagger, Prometheus, ArgoCD","devops"
"Knowledge Base Update","Syncs internal docs and publishes updates","document_merged","1. Detect content change 2. Format for KB 3. Update search index 4. Notify subscribers 5. Check broken links 6. Archive old version","Confluence, Algolia, Slack, GitHub","documentation"
"Budget Alert","Monitors cloud spending and alerts on anomalies","cost_threshold_exceeded","1. Pull billing data 2. Compare to budget 3. Identify cost drivers 4. Generate report 5. Alert finance team 6. Suggest optimizations","AWS Cost Explorer, Kubecost, Slack, Datadog","finance"
"API Health Check","Monitors API endpoints and reports degradation","cron_schedule_5min","1. Send synthetic requests 2. Measure response time 3. Validate response body 4. Check SSL validity 5. Alert on failure 6. Update status page","Checkly, Postman, PagerDuty, Statuspage","monitoring"
"Release Notes Generation","Auto-generates release notes from merged PRs","release_tag_created","1. Collect merged PRs 2. Categorize changes 3. Extract descriptions 4. Format markdown 5. Publish to docs site 6. Notify stakeholders","GitHub, release-drafter, Slack, Confluence","devops"
"Ticket Triage","Automatically categorizes and prioritizes support tickets","ticket_created","1. Parse ticket content 2. Classify category with ML 3. Assign priority 4. Route to team 5. Send acknowledgment 6. Set SLA timer","Zendesk, MonkeyLearn, Slack, PagerDuty","support"
"Environment Cleanup","Removes stale development environments","cron_schedule_nightly","1. List all dev environments 2. Check last activity 3. Warn owners of idle envs 4. Delete after 7 days idle 5. Reclaim resources 6. Report savings","Terraform, AWS, Slack, Jenkins","infrastructure"
"Document Approval","Routes documents through approval workflow","document_submitted","1. Validate format 2. Check completeness 3. Route to reviewers 4. Collect signatures 5. Apply version number 6. Archive final copy","DocuSign, SharePoint, Power Automate, Teams","compliance"
"Performance Testing","Runs load tests on every release candidate","release_candidate_tagged","1. Provision test environment 2. Configure load scenarios 3. Run k6 tests 4. Collect metrics 5. Compare to baseline 6. Pass/fail gate 7. Report results","k6, Grafana, Jenkins, InfluxDB","devops"
"Inventory Reorder","Automatically reorders stock when levels are low","inventory_below_threshold","1. Check stock levels 2. Calculate reorder quantity 3. Select supplier 4. Generate PO 5. Send to supplier 6. Update inventory system","NetSuite, SAP, Coupa, Slack","supply_chain"
"DNS Failover","Automatically switches DNS on primary failure","health_check_failed","1. Detect primary failure 2. Verify with secondary check 3. Update DNS records 4. Route to failover 5. Notify ops team 6. Monitor recovery","Route 53, Cloudflare, PagerDuty, Datadog","infrastructure"
"Sprint Planning","Automates sprint ceremony preparation","sprint_boundary","1. Archive completed sprint 2. Calculate velocity 3. Suggest sprint capacity 4. Pre-populate backlog 5. Create sprint board 6. Schedule ceremonies","Jira, Confluence, Slack, Google Calendar","project_management"
"Image Optimization Pipeline","Optimizes uploaded images for web delivery","image_uploaded","1. Detect format 2. Resize to breakpoints 3. Compress losslessly 4. Generate WebP/AVIF 5. Upload to CDN 6. Update references","Sharp, CloudFront, S3, Lambda","media"
"Vendor Risk Assessment","Evaluates and monitors third-party vendor risk","vendor_onboarded","1. Send security questionnaire 2. Review SOC 2 report 3. Score risk factors 4. Check compliance 5. Route for approval 6. Schedule annual review","OneTrust, SecurityScorecard, Jira, DocuSign","compliance"
"Chatbot Training Pipeline","Retrains customer service bot with new data","weekly_data_collection","1. Export chat transcripts 2. Label intents 3. Clean training data 4. Fine-tune model 5. Evaluate accuracy 6. Deploy if improved 7. A/B test","Rasa, Python, MLflow, Kubernetes, Grafana","ai"
"SLA Monitoring","Tracks service level compliance and alerts breaches","continuous","1. Collect response time data 2. Calculate uptime percentage 3. Compare to SLA targets 4. Alert on breach risk 5. Generate monthly report 6. Escalate violations","Datadog, PagerDuty, Jira, Google Sheets","operations"
"Email Campaign","Manages automated email marketing sequences","segment_trigger","1. Select audience segment 2. Personalize content 3. A/B test subject lines 4. Schedule send 5. Track opens/clicks 6. Update lead scores","Mailchimp, Segment, Mixpanel, Salesforce","marketing"
"Container Image Build","Builds and scans container images on commit","code_pushed","1. Pull source code 2. Build Docker image 3. Run unit tests 4. Scan for vulnerabilities 5. Tag with version 6. Push to registry","Docker, Trivy, GitHub Actions, ECR","devops"
"Access Review","Quarterly review of user access privileges","cron_schedule_quarterly","1. Export access lists 2. Compare to job roles 3. Flag excessive permissions 4. Send review to managers 5. Revoke unapproved access 6. Generate audit log","Okta, SailPoint, Slack, ServiceNow","compliance"
"Disaster Recovery Test","Automated DR testing with failover validation","cron_schedule_quarterly","1. Snapshot production state 2. Initiate failover 3. Validate services in DR 4. Measure RTO/RPO 5. Document results 6. Failback to primary","AWS, Terraform, Ansible, PagerDuty","infrastructure"
"Content Moderation","Automatically reviews user-generated content","content_submitted","1. Scan text for profanity 2. Check images with AI 3. Classify toxicity score 4. Auto-approve if clean 5. Queue for human review if flagged 6. Log decision","AWS Rekognition, Perspective API, Redis, PostgreSQL","trust_safety"
"Payment Reconciliation","Matches transactions across payment systems","cron_schedule_daily","1. Export bank transactions 2. Export payment gateway data 3. Match by reference 4. Flag discrepancies 5. Generate reconciliation report 6. Route exceptions","Stripe, QuickBooks, Python, Slack","finance"
"Feature Flag Management","Controls feature rollout with automated flag lifecycle","flag_created","1. Create flag in system 2. Set targeting rules 3. Enable for beta users 4. Monitor metrics 5. Gradual rollout 6. Clean up stale flags","LaunchDarkly, Datadog, Slack, Jira","devops"
"Regulatory Filing","Automates submission of regulatory reports","filing_deadline_approaching","1. Collect required data 2. Validate completeness 3. Format per regulations 4. Generate filing 5. Submit electronically 6. Archive confirmation","Python, SAP, XBRL, DocuSign","compliance"
"Multi-Region Deployment","Deploys applications across multiple cloud regions","release_approved","1. Build artifacts 2. Deploy to primary region 3. Run smoke tests 4. Deploy to secondary regions 5. Update global load balancer 6. Verify DNS propagation","Terraform, ArgoCD, CloudFront, Route 53","devops"
"Customer Churn Prediction","Scores customers for churn risk and triggers retention","cron_schedule_weekly","1. Extract usage data 2. Run ML prediction 3. Score churn probability 4. Alert CSM for high risk 5. Trigger retention campaign 6. Track outcomes","Python, scikit-learn, Salesforce, HubSpot","customer_success"
"Workspace Provisioning","Sets up developer workspaces with required tools","developer_onboarded","1. Create cloud workspace 2. Clone repos 3. Install dependencies 4. Configure IDE settings 5. Set up VPN access 6. Send credentials","Gitpod, Terraform, Ansible, Vault","devops"
"Supply Chain Alert","Monitors supply chain disruptions and notifies stakeholders","external_data_feed","1. Monitor news feeds 2. Check supplier status 3. Assess impact severity 4. Notify procurement 5. Identify alternatives 6. Update risk register","Resilinc, SAP, Slack, Power BI","supply_chain"
"Test Data Generation","Creates realistic test data for QA environments","test_cycle_started","1. Analyze schema 2. Generate synthetic data 3. Anonymize PII 4. Load into test DB 5. Validate referential integrity 6. Reset between runs","Faker, PostgreSQL, Python, Jenkins","devops"
"Service Desk Automation","Auto-resolves common IT requests","ticket_keyword_match","1. Parse ticket intent 2. Match to known solutions 3. Execute automated fix 4. Verify resolution 5. Update ticket 6. Escalate if unresolved","ServiceNow, PowerShell, Ansible, Slack","support"
"Marketing Attribution","Tracks and attributes conversions across channels","conversion_event","1. Capture touchpoints 2. Apply attribution model 3. Calculate channel ROI 4. Update dashboard 5. Adjust ad spend 6. Generate weekly report","Google Analytics, Segment, Looker, BigQuery","marketing"
"Cloud Cost Optimization","Identifies and implements cost savings","cron_schedule_weekly","1. Analyze usage patterns 2. Identify idle resources 3. Recommend rightsizing 4. Schedule reserved instances 5. Delete orphaned volumes 6. Report savings","AWS Cost Explorer, Kubecost, Spot.io, Slack","finance"
"API Versioning Pipeline","Manages API version lifecycle automatically","breaking_change_detected","1. Detect breaking changes 2. Create new version endpoint 3. Update documentation 4. Notify consumers 5. Set deprecation timeline 6. Sunset old version","OpenAPI, Swagger, Postman, Slack","devops"
"Compliance Training","Assigns and tracks mandatory training completion","training_due_date","1. Check training requirements 2. Assign courses 3. Send reminders 4. Track completions 5. Escalate overdue 6. Generate compliance report","Workday, Slack, Google Sheets, Drata","hr"
