code,description,category,common_symptoms,typical_treatment
I21.0,"Acute ST elevation myocardial infarction of anterior wall",Cardiology,"Chest pain, diaphoresis, dyspnea, ST elevation on ECG","Emergency PCI, dual antiplatelet therapy, beta-blockers, statins"
I48.0,"Paroxysmal atrial fibrillation",Cardiology,"Palpitations, irregular heartbeat, dizziness, fatigue","Rate or rhythm control, anticoagulation based on CHA2DS2-VASc score"
I50.9,"Heart failure unspecified",Cardiology,"Dyspnea, edema, orthopnea, fatigue, weight gain","ACE inhibitors, beta-blockers, diuretics, aldosterone antagonists"
I10,"Essential primary hypertension",Cardiology,"Often asymptomatic, headache, dizziness in severe cases","Lifestyle modification, ACE inhibitors, ARBs, CCBs, thiazides"
I25.10,"Atherosclerotic heart disease of native coronary artery without angina",Cardiology,"May be asymptomatic, exertional chest pain, dyspnea","Statins, aspirin, risk factor modification, revascularization if indicated"
I63.9,"Cerebral infarction unspecified",Neurology,"Sudden weakness, speech difficulty, facial droop, vision changes","tPA within 4.5 hours, thrombectomy, antiplatelet therapy, rehabilitation"
G40.909,"Epilepsy unspecified not intractable without status epilepticus",Neurology,"Seizures, loss of consciousness, postictal confusion, aura","Anticonvulsants (levetiracetam, valproate), lifestyle modifications"
G20,"Parkinson's disease",Neurology,"Resting tremor, bradykinesia, rigidity, postural instability","Carbidopa/levodopa, dopamine agonists, MAO-B inhibitors, DBS"
G35,"Multiple sclerosis",Neurology,"Optic neuritis, weakness, sensory changes, fatigue, spasticity","Disease-modifying therapies, corticosteroids for relapses, symptomatic treatment"
G43.909,"Migraine unspecified not intractable without status migrainosus",Neurology,"Severe headache, nausea, photophobia, phonophobia, aura","Triptans for acute attacks, preventive therapy with beta-blockers or topiramate"
E11.9,"Type 2 diabetes mellitus without complications",Endocrinology,"Polyuria, polydipsia, fatigue, blurred vision, slow wound healing","Metformin first-line, lifestyle modification, SGLT2 inhibitors, GLP-1 agonists"
E10.9,"Type 1 diabetes mellitus without complications",Endocrinology,"Polyuria, polydipsia, weight loss, DKA at presentation","Insulin therapy (basal-bolus), continuous glucose monitoring, carb counting"
E03.9,"Hypothyroidism unspecified",Endocrinology,"Fatigue, cold intolerance, weight gain, constipation, dry skin","Levothyroxine replacement, TSH monitoring every 6-8 weeks initially"
E05.00,"Thyrotoxicosis with diffuse goiter without thyrotoxic crisis",Endocrinology,"Weight loss, heat intolerance, tremor, palpitations, exophthalmos","Methimazole, propranolol, radioactive iodine, thyroidectomy"
E66.01,"Morbid obesity due to excess calories",Endocrinology,"BMI ≥40, joint pain, sleep apnea, metabolic syndrome","Lifestyle modification, pharmacotherapy, bariatric surgery consideration"
J18.9,"Pneumonia unspecified organism",Pulmonology,"Cough, fever, dyspnea, pleuritic chest pain, sputum production","Antibiotics based on likely pathogen, supportive care, oxygen therapy"
J44.1,"Chronic obstructive pulmonary disease with acute exacerbation",Pulmonology,"Worsening dyspnea, increased sputum, wheezing, chest tightness","Bronchodilators, systemic corticosteroids, antibiotics, oxygen therapy"
J45.40,"Moderate persistent asthma uncomplicated",Pulmonology,"Wheezing, cough, dyspnea, chest tightness, nocturnal symptoms","Inhaled corticosteroids, LABA, SABA rescue, leukotriene modifiers"
J84.112,"Idiopathic pulmonary fibrosis",Pulmonology,"Progressive dyspnea, dry cough, velcro crackles, clubbing","Pirfenidone or nintedanib, oxygen therapy, lung transplant evaluation"
I26.99,"Other pulmonary embolism without acute cor pulmonale",Pulmonology,"Dyspnea, pleuritic chest pain, tachycardia, hemoptysis","Anticoagulation (heparin then DOAC), thrombolysis for massive PE"
N18.3,"Chronic kidney disease stage 3",Nephrology,"Often asymptomatic, fatigue, edema, nocturia","ACE/ARB, blood pressure control, dietary modifications, avoid nephrotoxins"
N17.9,"Acute kidney injury unspecified",Nephrology,"Oliguria, edema, elevated creatinine, electrolyte abnormalities","Identify and treat cause, fluid management, electrolyte correction, dialysis if needed"
K50.90,"Crohn's disease unspecified without complications",Gastroenterology,"Abdominal pain, diarrhea, weight loss, fatigue, perianal disease","5-ASA, corticosteroids, immunomodulators, biologics (anti-TNF)"
K51.90,"Ulcerative colitis unspecified without complications",Gastroenterology,"Bloody diarrhea, urgency, tenesmus, abdominal cramping","Mesalamine, corticosteroids, azathioprine, biologics, colectomy"
K21.0,"Gastroesophageal reflux disease with esophagitis",Gastroenterology,"Heartburn, regurgitation, dysphagia, chest pain, chronic cough","PPIs, lifestyle modification, H2 blockers, fundoplication if refractory"
K80.20,"Calculus of gallbladder without cholecystitis without obstruction",Gastroenterology,"Right upper quadrant pain, nausea after fatty meals, bloating","Laparoscopic cholecystectomy for symptomatic stones"
K85.9,"Acute pancreatitis unspecified",Gastroenterology,"Severe epigastric pain radiating to back, nausea, vomiting","NPO, IV fluids, pain management, treat underlying cause"
M05.79,"Rheumatoid arthritis with rheumatoid factor of unspecified site",Rheumatology,"Joint pain and swelling, morning stiffness, fatigue, nodules","MTX first-line DMARD, biologics, NSAIDs, low-dose corticosteroids"
M32.9,"Systemic lupus erythematosus unspecified",Rheumatology,"Malar rash, arthralgia, fatigue, serositis, renal involvement","Hydroxychloroquine, corticosteroids, immunosuppressants, belimumab"
M10.9,"Gout unspecified",Rheumatology,"Acute joint pain and swelling, erythema, typically first MTP","Colchicine, NSAIDs for acute; allopurinol, febuxostat for chronic"
M81.0,"Age-related osteoporosis without current pathological fracture",Rheumatology,"Often asymptomatic until fracture, loss of height, kyphosis","Bisphosphonates, calcium, vitamin D, weight-bearing exercise, denosumab"
C34.90,"Malignant neoplasm of unspecified part of bronchus or lung",Oncology,"Cough, hemoptysis, weight loss, dyspnea, chest pain","Surgery, chemotherapy, radiation, targeted therapy, immunotherapy based on stage"
C50.919,"Malignant neoplasm of unspecified site of unspecified female breast",Oncology,"Breast lump, skin changes, nipple discharge, axillary lymphadenopathy","Surgery, chemotherapy, radiation, hormonal therapy, HER2-targeted therapy"
C18.9,"Malignant neoplasm of colon unspecified",Oncology,"Change in bowel habits, rectal bleeding, abdominal pain, weight loss, anemia","Surgical resection, adjuvant chemotherapy (FOLFOX), targeted therapy"
C61,"Malignant neoplasm of prostate",Oncology,"Often asymptomatic early, urinary symptoms, elevated PSA","Active surveillance, prostatectomy, radiation, ADT, chemotherapy"
C25.9,"Malignant neoplasm of pancreas unspecified",Oncology,"Jaundice, weight loss, abdominal/back pain, new-onset diabetes","Whipple procedure if resectable, FOLFIRINOX, gemcitabine, palliative care"
F32.9,"Major depressive disorder single episode unspecified",Psychiatry,"Depressed mood, anhedonia, sleep changes, fatigue, concentration difficulty","SSRIs, psychotherapy (CBT), lifestyle modification, ECT for refractory"
F41.1,"Generalized anxiety disorder",Psychiatry,"Excessive worry, restlessness, muscle tension, insomnia, irritability","SSRIs/SNRIs, CBT, buspirone, short-term benzodiazepines if severe"
F31.9,"Bipolar disorder unspecified",Psychiatry,"Mood episodes (mania and depression), grandiosity, decreased sleep need","Lithium, valproate, atypical antipsychotics, lamotrigine"
F20.9,"Schizophrenia unspecified",Psychiatry,"Hallucinations, delusions, disorganized speech, negative symptoms","Atypical antipsychotics, psychosocial rehabilitation, clozapine for refractory"
D64.9,"Anemia unspecified",Hematology,"Fatigue, pallor, dyspnea on exertion, tachycardia, dizziness","Depends on cause: iron replacement, B12, folate, transfusion, EPO"
D69.6,"Thrombocytopenia unspecified",Hematology,"Easy bruising, petechiae, mucosal bleeding, menorrhagia","Treat underlying cause, corticosteroids for ITP, platelet transfusion if severe"
I82.409,"Acute embolism and thrombosis of unspecified deep veins of unspecified lower extremity",Hematology,"Leg swelling, pain, warmth, erythema, Homans sign","Anticoagulation (LMWH/DOAC), compression stockings, IVC filter if contraindicated"
L40.50,"Arthropathic psoriasis unspecified",Dermatology,"Scaly plaques, nail changes, joint pain and swelling, dactylitis","Topical steroids, methotrexate, biologics (anti-TNF, IL-17 inhibitors)"
L20.9,"Atopic dermatitis unspecified",Dermatology,"Pruritus, erythematous patches, lichenification, dry skin","Emollients, topical corticosteroids, calcineurin inhibitors, dupilumab"
A41.9,"Sepsis unspecified organism",Infectious Disease,"Fever, tachycardia, hypotension, altered mental status, elevated lactate","Broad-spectrum antibiotics, IV fluid resuscitation, vasopressors, source control"
B20,"Human immunodeficiency virus disease",Infectious Disease,"Often asymptomatic early, weight loss, opportunistic infections, lymphadenopathy","Antiretroviral therapy (ART), opportunistic infection prophylaxis"
A15.0,"Tuberculosis of lung",Infectious Disease,"Chronic cough, hemoptysis, night sweats, weight loss, fever","RIPE therapy (rifampin, isoniazid, pyrazinamide, ethambutol)"
S72.009A,"Fracture of unspecified part of neck of unspecified femur initial encounter",Orthopedics,"Hip pain, inability to bear weight, shortened and externally rotated leg","Surgical fixation (hemiarthroplasty or ORIF), DVT prophylaxis, rehabilitation"
M54.5,"Low back pain",Orthopedics,"Lumbar pain, muscle spasm, limited range of motion, may radiate to legs","NSAIDs, physical therapy, activity modification, epidural injection if radiculopathy"
"I21.0","ST elevation myocardial infarction of anterior wall","cardiology","Chest pain, diaphoresis, dyspnea","PCI, thrombolytics, anticoagulation"
"G43.1","Migraine with aura","neurology","Headache, visual disturbance, nausea","Triptans, prophylactic beta-blockers"
"M05.7","Rheumatoid arthritis with rheumatoid factor","rheumatology","Joint pain, morning stiffness, swelling","DMARDs, biologics, NSAIDs"
"C81.1","Nodular sclerosis Hodgkin lymphoma","oncology","Lymphadenopathy, B symptoms, fatigue","ABVD chemotherapy, radiation"
"J18.9","Pneumonia, unspecified organism","pulmonology","Cough, fever, dyspnea, chest pain","Antibiotics, oxygen therapy"
"E11.9","Type 2 diabetes without complications","endocrinology","Polyuria, polydipsia, weight loss","Metformin, lifestyle modification"
"I10","Essential hypertension","cardiology","Headache, dizziness, vision changes","ACE inhibitors, ARBs, lifestyle"
"J45.2","Mild intermittent asthma","pulmonology","Wheezing, cough, chest tightness","SABA PRN, ICS for persistent"
"F32.1","Major depressive disorder, moderate","psychiatry","Depressed mood, anhedonia, insomnia","SSRI, psychotherapy"
"K21.0","GERD with esophagitis","gastroenterology","Heartburn, regurgitation, dysphagia","PPI, lifestyle modification"
"K10.0","Condition related to rheumatology (variant 10)","rheumatology","Symptoms typical of rheumatology presentations","Standard rheumatology treatment protocol"
"L11.1","Condition related to infectious_disease (variant 11)","infectious_disease","Symptoms typical of infectious_disease presentations","Standard infectious_disease treatment protocol"
"M12.2","Condition related to pediatrics (variant 12)","pediatrics","Symptoms typical of pediatrics presentations","Standard pediatrics treatment protocol"
"N13.3","Condition related to emergency (variant 13)","emergency","Symptoms typical of emergency presentations","Standard emergency treatment protocol"
"O14.4","Condition related to cardiology (variant 14)","cardiology","Symptoms typical of cardiology presentations","Standard cardiology treatment protocol"
"P15.5","Condition related to neurology (variant 15)","neurology","Symptoms typical of neurology presentations","Standard neurology treatment protocol"
"Q16.6","Condition related to oncology (variant 16)","oncology","Symptoms typical of oncology presentations","Standard oncology treatment protocol"
"R17.7","Condition related to pulmonology (variant 17)","pulmonology","Symptoms typical of pulmonology presentations","Standard pulmonology treatment protocol"
"S18.8","Condition related to endocrinology (variant 18)","endocrinology","Symptoms typical of endocrinology presentations","Standard endocrinology treatment protocol"
"T19.9","Condition related to gastroenterology (variant 19)","gastroenterology","Symptoms typical of gastroenterology presentations","Standard gastroenterology treatment protocol"
"U20.0","Condition related to psychiatry (variant 20)","psychiatry","Symptoms typical of psychiatry presentations","Standard psychiatry treatment protocol"
"V21.1","Condition related to orthopedics (variant 21)","orthopedics","Symptoms typical of orthopedics presentations","Standard orthopedics treatment protocol"
"W22.2","Condition related to dermatology (variant 22)","dermatology","Symptoms typical of dermatology presentations","Standard dermatology treatment protocol"
"X23.3","Condition related to nephrology (variant 23)","nephrology","Symptoms typical of nephrology presentations","Standard nephrology treatment protocol"
"Y24.4","Condition related to rheumatology (variant 24)","rheumatology","Symptoms typical of rheumatology presentations","Standard rheumatology treatment protocol"
"Z25.5","Condition related to infectious_disease (variant 25)","infectious_disease","Symptoms typical of infectious_disease presentations","Standard infectious_disease treatment protocol"
"A26.6","Condition related to pediatrics (variant 26)","pediatrics","Symptoms typical of pediatrics presentations","Standard pediatrics treatment protocol"
"B27.7","Condition related to emergency (variant 27)","emergency","Symptoms typical of emergency presentations","Standard emergency treatment protocol"
"C28.8","Condition related to cardiology (variant 28)","cardiology","Symptoms typical of cardiology presentations","Standard cardiology treatment protocol"
"D29.9","Condition related to neurology (variant 29)","neurology","Symptoms typical of neurology presentations","Standard neurology treatment protocol"
"E30.0","Condition related to oncology (variant 30)","oncology","Symptoms typical of oncology presentations","Standard oncology treatment protocol"
"F31.1","Condition related to pulmonology (variant 31)","pulmonology","Symptoms typical of pulmonology presentations","Standard pulmonology treatment protocol"
"G32.2","Condition related to endocrinology (variant 32)","endocrinology","Symptoms typical of endocrinology presentations","Standard endocrinology treatment protocol"
"H33.3","Condition related to gastroenterology (variant 33)","gastroenterology","Symptoms typical of gastroenterology presentations","Standard gastroenterology treatment protocol"
"I34.4","Condition related to psychiatry (variant 34)","psychiatry","Symptoms typical of psychiatry presentations","Standard psychiatry treatment protocol"
"J35.5","Condition related to orthopedics (variant 35)","orthopedics","Symptoms typical of orthopedics presentations","Standard orthopedics treatment protocol"
"K36.6","Condition related to dermatology (variant 36)","dermatology","Symptoms typical of dermatology presentations","Standard dermatology treatment protocol"
"L37.7","Condition related to nephrology (variant 37)","nephrology","Symptoms typical of nephrology presentations","Standard nephrology treatment protocol"
"M38.8","Condition related to rheumatology (variant 38)","rheumatology","Symptoms typical of rheumatology presentations","Standard rheumatology treatment protocol"
"N39.9","Condition related to infectious_disease (variant 39)","infectious_disease","Symptoms typical of infectious_disease presentations","Standard infectious_disease treatment protocol"
"O40.0","Condition related to pediatrics (variant 40)","pediatrics","Symptoms typical of pediatrics presentations","Standard pediatrics treatment protocol"
"P41.1","Condition related to emergency (variant 41)","emergency","Symptoms typical of emergency presentations","Standard emergency treatment protocol"
"Q42.2","Condition related to cardiology (variant 42)","cardiology","Symptoms typical of cardiology presentations","Standard cardiology treatment protocol"
"R43.3","Condition related to neurology (variant 43)","neurology","Symptoms typical of neurology presentations","Standard neurology treatment protocol"
"S44.4","Condition related to oncology (variant 44)","oncology","Symptoms typical of oncology presentations","Standard oncology treatment protocol"
"T45.5","Condition related to pulmonology (variant 45)","pulmonology","Symptoms typical of pulmonology presentations","Standard pulmonology treatment protocol"
"U46.6","Condition related to endocrinology (variant 46)","endocrinology","Symptoms typical of endocrinology presentations","Standard endocrinology treatment protocol"
"V47.7","Condition related to gastroenterology (variant 47)","gastroenterology","Symptoms typical of gastroenterology presentations","Standard gastroenterology treatment protocol"
"W48.8","Condition related to psychiatry (variant 48)","psychiatry","Symptoms typical of psychiatry presentations","Standard psychiatry treatment protocol"
"X49.9","Condition related to orthopedics (variant 49)","orthopedics","Symptoms typical of orthopedics presentations","Standard orthopedics treatment protocol"
"Y50.0","Condition related to dermatology (variant 50)","dermatology","Symptoms typical of dermatology presentations","Standard dermatology treatment protocol"
"Z51.1","Condition related to nephrology (variant 51)","nephrology","Symptoms typical of nephrology presentations","Standard nephrology treatment protocol"
"A52.2","Condition related to rheumatology (variant 52)","rheumatology","Symptoms typical of rheumatology presentations","Standard rheumatology treatment protocol"
"B53.3","Condition related to infectious_disease (variant 53)","infectious_disease","Symptoms typical of infectious_disease presentations","Standard infectious_disease treatment protocol"
"C54.4","Condition related to pediatrics (variant 54)","pediatrics","Symptoms typical of pediatrics presentations","Standard pediatrics treatment protocol"
"D55.5","Condition related to emergency (variant 55)","emergency","Symptoms typical of emergency presentations","Standard emergency treatment protocol"
"E56.6","Condition related to cardiology (variant 56)","cardiology","Symptoms typical of cardiology presentations","Standard cardiology treatment protocol"
"F57.7","Condition related to neurology (variant 57)","neurology","Symptoms typical of neurology presentations","Standard neurology treatment protocol"
"G58.8","Condition related to oncology (variant 58)","oncology","Symptoms typical of oncology presentations","Standard oncology treatment protocol"
"H59.9","Condition related to pulmonology (variant 59)","pulmonology","Symptoms typical of pulmonology presentations","Standard pulmonology treatment protocol"
"I60.0","Condition related to endocrinology (variant 60)","endocrinology","Symptoms typical of endocrinology presentations","Standard endocrinology treatment protocol"
"J61.1","Condition related to gastroenterology (variant 61)","gastroenterology","Symptoms typical of gastroenterology presentations","Standard gastroenterology treatment protocol"
"K62.2","Condition related to psychiatry (variant 62)","psychiatry","Symptoms typical of psychiatry presentations","Standard psychiatry treatment protocol"
"L63.3","Condition related to orthopedics (variant 63)","orthopedics","Symptoms typical of orthopedics presentations","Standard orthopedics treatment protocol"
"M64.4","Condition related to dermatology (variant 64)","dermatology","Symptoms typical of dermatology presentations","Standard dermatology treatment protocol"
"N65.5","Condition related to nephrology (variant 65)","nephrology","Symptoms typical of nephrology presentations","Standard nephrology treatment protocol"
"O66.6","Condition related to rheumatology (variant 66)","rheumatology","Symptoms typical of rheumatology presentations","Standard rheumatology treatment protocol"
"P67.7","Condition related to infectious_disease (variant 67)","infectious_disease","Symptoms typical of infectious_disease presentations","Standard infectious_disease treatment protocol"
"Q68.8","Condition related to pediatrics (variant 68)","pediatrics","Symptoms typical of pediatrics presentations","Standard pediatrics treatment protocol"
"R69.9","Condition related to emergency (variant 69)","emergency","Symptoms typical of emergency presentations","Standard emergency treatment protocol"
"S70.0","Condition related to cardiology (variant 70)","cardiology","Symptoms typical of cardiology presentations","Standard cardiology treatment protocol"
"T71.1","Condition related to neurology (variant 71)","neurology","Symptoms typical of neurology presentations","Standard neurology treatment protocol"
"U72.2","Condition related to oncology (variant 72)","oncology","Symptoms typical of oncology presentations","Standard oncology treatment protocol"
"V73.3","Condition related to pulmonology (variant 73)","pulmonology","Symptoms typical of pulmonology presentations","Standard pulmonology treatment protocol"
"W74.4","Condition related to endocrinology (variant 74)","endocrinology","Symptoms typical of endocrinology presentations","Standard endocrinology treatment protocol"
"X75.5","Condition related to gastroenterology (variant 75)","gastroenterology","Symptoms typical of gastroenterology presentations","Standard gastroenterology treatment protocol"
"Y76.6","Condition related to psychiatry (variant 76)","psychiatry","Symptoms typical of psychiatry presentations","Standard psychiatry treatment protocol"
"Z77.7","Condition related to orthopedics (variant 77)","orthopedics","Symptoms typical of orthopedics presentations","Standard orthopedics treatment protocol"
"A78.8","Condition related to dermatology (variant 78)","dermatology","Symptoms typical of dermatology presentations","Standard dermatology treatment protocol"
"B79.9","Condition related to nephrology (variant 79)","nephrology","Symptoms typical of nephrology presentations","Standard nephrology treatment protocol"
"C80.0","Condition related to rheumatology (variant 80)","rheumatology","Symptoms typical of rheumatology presentations","Standard rheumatology treatment protocol"
"D81.1","Condition related to infectious_disease (variant 81)","infectious_disease","Symptoms typical of infectious_disease presentations","Standard infectious_disease treatment protocol"
"E82.2","Condition related to pediatrics (variant 82)","pediatrics","Symptoms typical of pediatrics presentations","Standard pediatrics treatment protocol"
"F83.3","Condition related to emergency (variant 83)","emergency","Symptoms typical of emergency presentations","Standard emergency treatment protocol"
"G84.4","Condition related to cardiology (variant 84)","cardiology","Symptoms typical of cardiology presentations","Standard cardiology treatment protocol"
"H85.5","Condition related to neurology (variant 85)","neurology","Symptoms typical of neurology presentations","Standard neurology treatment protocol"
"I86.6","Condition related to oncology (variant 86)","oncology","Symptoms typical of oncology presentations","Standard oncology treatment protocol"
"J87.7","Condition related to pulmonology (variant 87)","pulmonology","Symptoms typical of pulmonology presentations","Standard pulmonology treatment protocol"
"K88.8","Condition related to endocrinology (variant 88)","endocrinology","Symptoms typical of endocrinology presentations","Standard endocrinology treatment protocol"
"L89.9","Condition related to gastroenterology (variant 89)","gastroenterology","Symptoms typical of gastroenterology presentations","Standard gastroenterology treatment protocol"
"M90.0","Condition related to psychiatry (variant 90)","psychiatry","Symptoms typical of psychiatry presentations","Standard psychiatry treatment protocol"
"N91.1","Condition related to orthopedics (variant 91)","orthopedics","Symptoms typical of orthopedics presentations","Standard orthopedics treatment protocol"
"O92.2","Condition related to dermatology (variant 92)","dermatology","Symptoms typical of dermatology presentations","Standard dermatology treatment protocol"
"P93.3","Condition related to nephrology (variant 93)","nephrology","Symptoms typical of nephrology presentations","Standard nephrology treatment protocol"
"Q94.4","Condition related to rheumatology (variant 94)","rheumatology","Symptoms typical of rheumatology presentations","Standard rheumatology treatment protocol"
"R95.5","Condition related to infectious_disease (variant 95)","infectious_disease","Symptoms typical of infectious_disease presentations","Standard infectious_disease treatment protocol"
"S96.6","Condition related to pediatrics (variant 96)","pediatrics","Symptoms typical of pediatrics presentations","Standard pediatrics treatment protocol"
"T97.7","Condition related to emergency (variant 97)","emergency","Symptoms typical of emergency presentations","Standard emergency treatment protocol"
"U98.8","Condition related to cardiology (variant 98)","cardiology","Symptoms typical of cardiology presentations","Standard cardiology treatment protocol"
"V00.9","Condition related to neurology (variant 99)","neurology","Symptoms typical of neurology presentations","Standard neurology treatment protocol"
"W01.0","Condition related to oncology (variant 100)","oncology","Symptoms typical of oncology presentations","Standard oncology treatment protocol"
"X02.1","Condition related to pulmonology (variant 101)","pulmonology","Symptoms typical of pulmonology presentations","Standard pulmonology treatment protocol"
"Y03.2","Condition related to endocrinology (variant 102)","endocrinology","Symptoms typical of endocrinology presentations","Standard endocrinology treatment protocol"
"Z04.3","Condition related to gastroenterology (variant 103)","gastroenterology","Symptoms typical of gastroenterology presentations","Standard gastroenterology treatment protocol"
"A05.4","Condition related to psychiatry (variant 104)","psychiatry","Symptoms typical of psychiatry presentations","Standard psychiatry treatment protocol"
"B06.5","Condition related to orthopedics (variant 105)","orthopedics","Symptoms typical of orthopedics presentations","Standard orthopedics treatment protocol"
"C07.6","Condition related to dermatology (variant 106)","dermatology","Symptoms typical of dermatology presentations","Standard dermatology treatment protocol"
"D08.7","Condition related to nephrology (variant 107)","nephrology","Symptoms typical of nephrology presentations","Standard nephrology treatment protocol"
"E09.8","Condition related to rheumatology (variant 108)","rheumatology","Symptoms typical of rheumatology presentations","Standard rheumatology treatment protocol"
"F10.9","Condition related to infectious_disease (variant 109)","infectious_disease","Symptoms typical of infectious_disease presentations","Standard infectious_disease treatment protocol"
"G11.0","Condition related to pediatrics (variant 110)","pediatrics","Symptoms typical of pediatrics presentations","Standard pediatrics treatment protocol"
"H12.1","Condition related to emergency (variant 111)","emergency","Symptoms typical of emergency presentations","Standard emergency treatment protocol"
"I13.2","Condition related to cardiology (variant 112)","cardiology","Symptoms typical of cardiology presentations","Standard cardiology treatment protocol"
"J14.3","Condition related to neurology (variant 113)","neurology","Symptoms typical of neurology presentations","Standard neurology treatment protocol"
"K15.4","Condition related to oncology (variant 114)","oncology","Symptoms typical of oncology presentations","Standard oncology treatment protocol"
"L16.5","Condition related to pulmonology (variant 115)","pulmonology","Symptoms typical of pulmonology presentations","Standard pulmonology treatment protocol"
"M17.6","Condition related to endocrinology (variant 116)","endocrinology","Symptoms typical of endocrinology presentations","Standard endocrinology treatment protocol"
"N18.7","Condition related to gastroenterology (variant 117)","gastroenterology","Symptoms typical of gastroenterology presentations","Standard gastroenterology treatment protocol"
"O19.8","Condition related to psychiatry (variant 118)","psychiatry","Symptoms typical of psychiatry presentations","Standard psychiatry treatment protocol"
"P20.9","Condition related to orthopedics (variant 119)","orthopedics","Symptoms typical of orthopedics presentations","Standard orthopedics treatment protocol"
"Q21.0","Condition related to dermatology (variant 120)","dermatology","Symptoms typical of dermatology presentations","Standard dermatology treatment protocol"
"R22.1","Condition related to nephrology (variant 121)","nephrology","Symptoms typical of nephrology presentations","Standard nephrology treatment protocol"
"S23.2","Condition related to rheumatology (variant 122)","rheumatology","Symptoms typical of rheumatology presentations","Standard rheumatology treatment protocol"
"T24.3","Condition related to infectious_disease (variant 123)","infectious_disease","Symptoms typical of infectious_disease presentations","Standard infectious_disease treatment protocol"
"U25.4","Condition related to pediatrics (variant 124)","pediatrics","Symptoms typical of pediatrics presentations","Standard pediatrics treatment protocol"
"V26.5","Condition related to emergency (variant 125)","emergency","Symptoms typical of emergency presentations","Standard emergency treatment protocol"
"W27.6","Condition related to cardiology (variant 126)","cardiology","Symptoms typical of cardiology presentations","Standard cardiology treatment protocol"
"X28.7","Condition related to neurology (variant 127)","neurology","Symptoms typical of neurology presentations","Standard neurology treatment protocol"
"Y29.8","Condition related to oncology (variant 128)","oncology","Symptoms typical of oncology presentations","Standard oncology treatment protocol"
"Z30.9","Condition related to pulmonology (variant 129)","pulmonology","Symptoms typical of pulmonology presentations","Standard pulmonology treatment protocol"
"A31.0","Condition related to endocrinology (variant 130)","endocrinology","Symptoms typical of endocrinology presentations","Standard endocrinology treatment protocol"
"B32.1","Condition related to gastroenterology (variant 131)","gastroenterology","Symptoms typical of gastroenterology presentations","Standard gastroenterology treatment protocol"
"C33.2","Condition related to psychiatry (variant 132)","psychiatry","Symptoms typical of psychiatry presentations","Standard psychiatry treatment protocol"
"D34.3","Condition related to orthopedics (variant 133)","orthopedics","Symptoms typical of orthopedics presentations","Standard orthopedics treatment protocol"
"E35.4","Condition related to dermatology (variant 134)","dermatology","Symptoms typical of dermatology presentations","Standard dermatology treatment protocol"
"F36.5","Condition related to nephrology (variant 135)","nephrology","Symptoms typical of nephrology presentations","Standard nephrology treatment protocol"
"G37.6","Condition related to rheumatology (variant 136)","rheumatology","Symptoms typical of rheumatology presentations","Standard rheumatology treatment protocol"
"H38.7","Condition related to infectious_disease (variant 137)","infectious_disease","Symptoms typical of infectious_disease presentations","Standard infectious_disease treatment protocol"
"I39.8","Condition related to pediatrics (variant 138)","pediatrics","Symptoms typical of pediatrics presentations","Standard pediatrics treatment protocol"
"J40.9","Condition related to emergency (variant 139)","emergency","Symptoms typical of emergency presentations","Standard emergency treatment protocol"
"K41.0","Condition related to cardiology (variant 140)","cardiology","Symptoms typical of cardiology presentations","Standard cardiology treatment protocol"
"L42.1","Condition related to neurology (variant 141)","neurology","Symptoms typical of neurology presentations","Standard neurology treatment protocol"
"M43.2","Condition related to oncology (variant 142)","oncology","Symptoms typical of oncology presentations","Standard oncology treatment protocol"
"N44.3","Condition related to pulmonology (variant 143)","pulmonology","Symptoms typical of pulmonology presentations","Standard pulmonology treatment protocol"
"O45.4","Condition related to endocrinology (variant 144)","endocrinology","Symptoms typical of endocrinology presentations","Standard endocrinology treatment protocol"
"P46.5","Condition related to gastroenterology (variant 145)","gastroenterology","Symptoms typical of gastroenterology presentations","Standard gastroenterology treatment protocol"
"Q47.6","Condition related to psychiatry (variant 146)","psychiatry","Symptoms typical of psychiatry presentations","Standard psychiatry treatment protocol"
"R48.7","Condition related to orthopedics (variant 147)","orthopedics","Symptoms typical of orthopedics presentations","Standard orthopedics treatment protocol"
"S49.8","Condition related to dermatology (variant 148)","dermatology","Symptoms typical of dermatology presentations","Standard dermatology treatment protocol"
"T50.9","Condition related to nephrology (variant 149)","nephrology","Symptoms typical of nephrology presentations","Standard nephrology treatment protocol"
"U51.0","Condition related to rheumatology (variant 150)","rheumatology","Symptoms typical of rheumatology presentations","Standard rheumatology treatment protocol"
"V52.1","Condition related to infectious_disease (variant 151)","infectious_disease","Symptoms typical of infectious_disease presentations","Standard infectious_disease treatment protocol"
"W53.2","Condition related to pediatrics (variant 152)","pediatrics","Symptoms typical of pediatrics presentations","Standard pediatrics treatment protocol"
"X54.3","Condition related to emergency (variant 153)","emergency","Symptoms typical of emergency presentations","Standard emergency treatment protocol"
"Y55.4","Condition related to cardiology (variant 154)","cardiology","Symptoms typical of cardiology presentations","Standard cardiology treatment protocol"
"Z56.5","Condition related to neurology (variant 155)","neurology","Symptoms typical of neurology presentations","Standard neurology treatment protocol"
"A57.6","Condition related to oncology (variant 156)","oncology","Symptoms typical of oncology presentations","Standard oncology treatment protocol"
"B58.7","Condition related to pulmonology (variant 157)","pulmonology","Symptoms typical of pulmonology presentations","Standard pulmonology treatment protocol"
"C59.8","Condition related to endocrinology (variant 158)","endocrinology","Symptoms typical of endocrinology presentations","Standard endocrinology treatment protocol"
"D60.9","Condition related to gastroenterology (variant 159)","gastroenterology","Symptoms typical of gastroenterology presentations","Standard gastroenterology treatment protocol"
"E61.0","Condition related to psychiatry (variant 160)","psychiatry","Symptoms typical of psychiatry presentations","Standard psychiatry treatment protocol"
"F62.1","Condition related to orthopedics (variant 161)","orthopedics","Symptoms typical of orthopedics presentations","Standard orthopedics treatment protocol"
"G63.2","Condition related to dermatology (variant 162)","dermatology","Symptoms typical of dermatology presentations","Standard dermatology treatment protocol"
"H64.3","Condition related to nephrology (variant 163)","nephrology","Symptoms typical of nephrology presentations","Standard nephrology treatment protocol"
"I65.4","Condition related to rheumatology (variant 164)","rheumatology","Symptoms typical of rheumatology presentations","Standard rheumatology treatment protocol"
"J66.5","Condition related to infectious_disease (variant 165)","infectious_disease","Symptoms typical of infectious_disease presentations","Standard infectious_disease treatment protocol"
"K67.6","Condition related to pediatrics (variant 166)","pediatrics","Symptoms typical of pediatrics presentations","Standard pediatrics treatment protocol"
"L68.7","Condition related to emergency (variant 167)","emergency","Symptoms typical of emergency presentations","Standard emergency treatment protocol"
"M69.8","Condition related to cardiology (variant 168)","cardiology","Symptoms typical of cardiology presentations","Standard cardiology treatment protocol"
"N70.9","Condition related to neurology (variant 169)","neurology","Symptoms typical of neurology presentations","Standard neurology treatment protocol"
"O71.0","Condition related to oncology (variant 170)","oncology","Symptoms typical of oncology presentations","Standard oncology treatment protocol"
"P72.1","Condition related to pulmonology (variant 171)","pulmonology","Symptoms typical of pulmonology presentations","Standard pulmonology treatment protocol"
"Q73.2","Condition related to endocrinology (variant 172)","endocrinology","Symptoms typical of endocrinology presentations","Standard endocrinology treatment protocol"
"R74.3","Condition related to gastroenterology (variant 173)","gastroenterology","Symptoms typical of gastroenterology presentations","Standard gastroenterology treatment protocol"
"S75.4","Condition related to psychiatry (variant 174)","psychiatry","Symptoms typical of psychiatry presentations","Standard psychiatry treatment protocol"
"T76.5","Condition related to orthopedics (variant 175)","orthopedics","Symptoms typical of orthopedics presentations","Standard orthopedics treatment protocol"
"U77.6","Condition related to dermatology (variant 176)","dermatology","Symptoms typical of dermatology presentations","Standard dermatology treatment protocol"
"V78.7","Condition related to nephrology (variant 177)","nephrology","Symptoms typical of nephrology presentations","Standard nephrology treatment protocol"
"W79.8","Condition related to rheumatology (variant 178)","rheumatology","Symptoms typical of rheumatology presentations","Standard rheumatology treatment protocol"
"X80.9","Condition related to infectious_disease (variant 179)","infectious_disease","Symptoms typical of infectious_disease presentations","Standard infectious_disease treatment protocol"
"Y81.0","Condition related to pediatrics (variant 180)","pediatrics","Symptoms typical of pediatrics presentations","Standard pediatrics treatment protocol"
"Z82.1","Condition related to emergency (variant 181)","emergency","Symptoms typical of emergency presentations","Standard emergency treatment protocol"
"A83.2","Condition related to cardiology (variant 182)","cardiology","Symptoms typical of cardiology presentations","Standard cardiology treatment protocol"
"B84.3","Condition related to neurology (variant 183)","neurology","Symptoms typical of neurology presentations","Standard neurology treatment protocol"
"C85.4","Condition related to oncology (variant 184)","oncology","Symptoms typical of oncology presentations","Standard oncology treatment protocol"
"D86.5","Condition related to pulmonology (variant 185)","pulmonology","Symptoms typical of pulmonology presentations","Standard pulmonology treatment protocol"
"E87.6","Condition related to endocrinology (variant 186)","endocrinology","Symptoms typical of endocrinology presentations","Standard endocrinology treatment protocol"
"F88.7","Condition related to gastroenterology (variant 187)","gastroenterology","Symptoms typical of gastroenterology presentations","Standard gastroenterology treatment protocol"
"G89.8","Condition related to psychiatry (variant 188)","psychiatry","Symptoms typical of psychiatry presentations","Standard psychiatry treatment protocol"
"H90.9","Condition related to orthopedics (variant 189)","orthopedics","Symptoms typical of orthopedics presentations","Standard orthopedics treatment protocol"
"I91.0","Condition related to dermatology (variant 190)","dermatology","Symptoms typical of dermatology presentations","Standard dermatology treatment protocol"
"J92.1","Condition related to nephrology (variant 191)","nephrology","Symptoms typical of nephrology presentations","Standard nephrology treatment protocol"
"K93.2","Condition related to rheumatology (variant 192)","rheumatology","Symptoms typical of rheumatology presentations","Standard rheumatology treatment protocol"
"L94.3","Condition related to infectious_disease (variant 193)","infectious_disease","Symptoms typical of infectious_disease presentations","Standard infectious_disease treatment protocol"
"M95.4","Condition related to pediatrics (variant 194)","pediatrics","Symptoms typical of pediatrics presentations","Standard pediatrics treatment protocol"
"N96.5","Condition related to emergency (variant 195)","emergency","Symptoms typical of emergency presentations","Standard emergency treatment protocol"
"O97.6","Condition related to cardiology (variant 196)","cardiology","Symptoms typical of cardiology presentations","Standard cardiology treatment protocol"
"P98.7","Condition related to neurology (variant 197)","neurology","Symptoms typical of neurology presentations","Standard neurology treatment protocol"
"Q00.8","Condition related to oncology (variant 198)","oncology","Symptoms typical of oncology presentations","Standard oncology treatment protocol"
"R01.9","Condition related to pulmonology (variant 199)","pulmonology","Symptoms typical of pulmonology presentations","Standard pulmonology treatment protocol"
"S02.0","Condition related to endocrinology (variant 200)","endocrinology","Symptoms typical of endocrinology presentations","Standard endocrinology treatment protocol"
"T03.1","Condition related to gastroenterology (variant 201)","gastroenterology","Symptoms typical of gastroenterology presentations","Standard gastroenterology treatment protocol"
"U04.2","Condition related to psychiatry (variant 202)","psychiatry","Symptoms typical of psychiatry presentations","Standard psychiatry treatment protocol"
"V05.3","Condition related to orthopedics (variant 203)","orthopedics","Symptoms typical of orthopedics presentations","Standard orthopedics treatment protocol"
"W06.4","Condition related to dermatology (variant 204)","dermatology","Symptoms typical of dermatology presentations","Standard dermatology treatment protocol"
"X07.5","Condition related to nephrology (variant 205)","nephrology","Symptoms typical of nephrology presentations","Standard nephrology treatment protocol"
"Y08.6","Condition related to rheumatology (variant 206)","rheumatology","Symptoms typical of rheumatology presentations","Standard rheumatology treatment protocol"
"Z09.7","Condition related to infectious_disease (variant 207)","infectious_disease","Symptoms typical of infectious_disease presentations","Standard infectious_disease treatment protocol"
"A10.8","Condition related to pediatrics (variant 208)","pediatrics","Symptoms typical of pediatrics presentations","Standard pediatrics treatment protocol"
"B11.9","Condition related to emergency (variant 209)","emergency","Symptoms typical of emergency presentations","Standard emergency treatment protocol"
"C12.0","Condition related to cardiology (variant 210)","cardiology","Symptoms typical of cardiology presentations","Standard cardiology treatment protocol"
"D13.1","Condition related to neurology (variant 211)","neurology","Symptoms typical of neurology presentations","Standard neurology treatment protocol"
"E14.2","Condition related to oncology (variant 212)","oncology","Symptoms typical of oncology presentations","Standard oncology treatment protocol"
"F15.3","Condition related to pulmonology (variant 213)","pulmonology","Symptoms typical of pulmonology presentations","Standard pulmonology treatment protocol"
"G16.4","Condition related to endocrinology (variant 214)","endocrinology","Symptoms typical of endocrinology presentations","Standard endocrinology treatment protocol"
"H17.5","Condition related to gastroenterology (variant 215)","gastroenterology","Symptoms typical of gastroenterology presentations","Standard gastroenterology treatment protocol"
"I18.6","Condition related to psychiatry (variant 216)","psychiatry","Symptoms typical of psychiatry presentations","Standard psychiatry treatment protocol"
"J19.7","Condition related to orthopedics (variant 217)","orthopedics","Symptoms typical of orthopedics presentations","Standard orthopedics treatment protocol"
"K20.8","Condition related to dermatology (variant 218)","dermatology","Symptoms typical of dermatology presentations","Standard dermatology treatment protocol"
"L21.9","Condition related to nephrology (variant 219)","nephrology","Symptoms typical of nephrology presentations","Standard nephrology treatment protocol"
"M22.0","Condition related to rheumatology (variant 220)","rheumatology","Symptoms typical of rheumatology presentations","Standard rheumatology treatment protocol"
"N23.1","Condition related to infectious_disease (variant 221)","infectious_disease","Symptoms typical of infectious_disease presentations","Standard infectious_disease treatment protocol"
"O24.2","Condition related to pediatrics (variant 222)","pediatrics","Symptoms typical of pediatrics presentations","Standard pediatrics treatment protocol"
"P25.3","Condition related to emergency (variant 223)","emergency","Symptoms typical of emergency presentations","Standard emergency treatment protocol"
"Q26.4","Condition related to cardiology (variant 224)","cardiology","Symptoms typical of cardiology presentations","Standard cardiology treatment protocol"
"R27.5","Condition related to neurology (variant 225)","neurology","Symptoms typical of neurology presentations","Standard neurology treatment protocol"
"S28.6","Condition related to oncology (variant 226)","oncology","Symptoms typical of oncology presentations","Standard oncology treatment protocol"
"T29.7","Condition related to pulmonology (variant 227)","pulmonology","Symptoms typical of pulmonology presentations","Standard pulmonology treatment protocol"
"U30.8","Condition related to endocrinology (variant 228)","endocrinology","Symptoms typical of endocrinology presentations","Standard endocrinology treatment protocol"
"V31.9","Condition related to gastroenterology (variant 229)","gastroenterology","Symptoms typical of gastroenterology presentations","Standard gastroenterology treatment protocol"
"W32.0","Condition related to psychiatry (variant 230)","psychiatry","Symptoms typical of psychiatry presentations","Standard psychiatry treatment protocol"
"X33.1","Condition related to orthopedics (variant 231)","orthopedics","Symptoms typical of orthopedics presentations","Standard orthopedics treatment protocol"
"Y34.2","Condition related to dermatology (variant 232)","dermatology","Symptoms typical of dermatology presentations","Standard dermatology treatment protocol"
"Z35.3","Condition related to nephrology (variant 233)","nephrology","Symptoms typical of nephrology presentations","Standard nephrology treatment protocol"
"A36.4","Condition related to rheumatology (variant 234)","rheumatology","Symptoms typical of rheumatology presentations","Standard rheumatology treatment protocol"
"B37.5","Condition related to infectious_disease (variant 235)","infectious_disease","Symptoms typical of infectious_disease presentations","Standard infectious_disease treatment protocol"
"C38.6","Condition related to pediatrics (variant 236)","pediatrics","Symptoms typical of pediatrics presentations","Standard pediatrics treatment protocol"
"D39.7","Condition related to emergency (variant 237)","emergency","Symptoms typical of emergency presentations","Standard emergency treatment protocol"
"E40.8","Condition related to cardiology (variant 238)","cardiology","Symptoms typical of cardiology presentations","Standard cardiology treatment protocol"
"F41.9","Condition related to neurology (variant 239)","neurology","Symptoms typical of neurology presentations","Standard neurology treatment protocol"
"G42.0","Condition related to oncology (variant 240)","oncology","Symptoms typical of oncology presentations","Standard oncology treatment protocol"
"H43.1","Condition related to pulmonology (variant 241)","pulmonology","Symptoms typical of pulmonology presentations","Standard pulmonology treatment protocol"
"I44.2","Condition related to endocrinology (variant 242)","endocrinology","Symptoms typical of endocrinology presentations","Standard endocrinology treatment protocol"
"J45.3","Condition related to gastroenterology (variant 243)","gastroenterology","Symptoms typical of gastroenterology presentations","Standard gastroenterology treatment protocol"
"K46.4","Condition related to psychiatry (variant 244)","psychiatry","Symptoms typical of psychiatry presentations","Standard psychiatry treatment protocol"
"L47.5","Condition related to orthopedics (variant 245)","orthopedics","Symptoms typical of orthopedics presentations","Standard orthopedics treatment protocol"
"M48.6","Condition related to dermatology (variant 246)","dermatology","Symptoms typical of dermatology presentations","Standard dermatology treatment protocol"
"N49.7","Condition related to nephrology (variant 247)","nephrology","Symptoms typical of nephrology presentations","Standard nephrology treatment protocol"
"O50.8","Condition related to rheumatology (variant 248)","rheumatology","Symptoms typical of rheumatology presentations","Standard rheumatology treatment protocol"
"P51.9","Condition related to infectious_disease (variant 249)","infectious_disease","Symptoms typical of infectious_disease presentations","Standard infectious_disease treatment protocol"
